{
	"format_version": "1.8.0",
	"animations": {
		"hand.model.execute": {
			"loop": "hold_on_last_frame",
			"animation_length": 2.58333,
			"bones": {
				"bone": {
					"rotation": {
						"0.7917": {
							"vector": [-19.76667, 37.01282, -4.54637]
						},
						"0.8333": {
							"vector": [-7.27, 37.01, -4.55]
						},
						"1.0417": {
							"vector": [-19.76667, 37.01282, -4.54637],
							"easing": "easeInElastic",
							"easingArgs": [3]
						}
					},
					"position": {
						"0.0417": {
							"vector": [7, 30, 7]
						},
						"0.75": {
							"vector": [7, 32, 7],
							"easing": "easeInBack",
							"easingArgs": [3]
						},
						"0.7917": {
							"vector": [4, -1, 3]
						}
					},
					"scale": {
						"0.0417": {
							"vector": [0, 0, 0]
						},
						"0.125": {
							"vector": [0.7, 0.7, 0.7]
						},
						"0.75": {
							"vector": [0.7, 0.7, 0.7]
						},
						"0.7917": {
							"vector": [0.7, 1.5, 0.7]
						},
						"0.9167": {
							"vector": [0.7, 0.7, 0.7],
							"easing": "easeOutQuart"
						},
						"1.4167": {
							"vector": [0.7, 0.7, 0.7]
						},
						"1.5417": {
							"vector": [0.7, 0, 0.7]
						}
					}
				},
				"bone2": {
					"rotation": {
						"0.8333": {
							"vector": [-16.69882, -47.05456, 8.94298]
						},
						"0.875": {
							"vector": [-6.7, -47.05, 8.94]
						},
						"1.0833": {
							"vector": [-16.69882, -47.05456, 8.94298],
							"easing": "easeInElastic",
							"easingArgs": [3]
						}
					},
					"position": {
						"0.0833": {
							"vector": [-5, 33, 5]
						},
						"0.7917": {
							"vector": [-5, 35, 5],
							"easing": "easeInBack",
							"easingArgs": [3]
						},
						"0.8333": {
							"vector": [-2, -2, 1]
						}
					},
					"scale": {
						"0.0833": {
							"vector": [0, 0, 0]
						},
						"0.1667": {
							"vector": [1, 1, 1]
						},
						"0.7917": {
							"vector": [1, 1, 1]
						},
						"0.8333": {
							"vector": [1, 2, 1]
						},
						"0.9583": {
							"vector": [1, 1, 1],
							"easing": "easeOutQuart"
						},
						"1.4167": {
							"vector": [1, 1, 1]
						},
						"1.5417": {
							"vector": [1, 0, 1]
						}
					}
				},
				"bone3": {
					"rotation": {
						"0.7917": {
							"vector": [-36.71706, 82.15796, -33.21634]
						},
						"0.8333": {
							"vector": [-29.22, 82.16, -33.22]
						},
						"1.0417": {
							"vector": [-36.71706, 82.15796, -33.21634],
							"easing": "easeInElastic",
							"easingArgs": [3]
						}
					},
					"position": {
						"0.0": {
							"vector": [5, 39, -2]
						},
						"0.75": {
							"vector": [5, 41, -2],
							"easing": "easeInBack",
							"easingArgs": [3]
						},
						"0.7917": {
							"vector": [2, -1, -2]
						}
					},
					"scale": {
						"0.0": {
							"vector": [0, 0, 0]
						},
						"0.0833": {
							"vector": [0.9, 0.9, 0.9],
							"easing": "linear"
						},
						"0.75": {
							"vector": [0.9, 0.9, 0.9]
						},
						"0.7917": {
							"vector": [0.9, 1.8, 0.9]
						},
						"0.9167": {
							"vector": [0.9, 0.9, 0.9],
							"easing": "easeOutQuart"
						},
						"1.5": {
							"vector": [0.9, 0.9, 0.9]
						},
						"1.625": {
							"vector": [0.9, 0, 0.9]
						}
					}
				},
				"bone4": {
					"rotation": {
						"0.7083": {
							"vector": [10, -57.5, 0]
						},
						"0.75": {
							"vector": [-2.5, -57.5, 0]
						},
						"0.9583": {
							"vector": [10, -57.5, 0],
							"easing": "easeInElastic",
							"easingArgs": [3]
						}
					},
					"position": {
						"0.1667": {
							"vector": [9, 38, -13]
						},
						"0.6667": {
							"vector": [9, 41, -13],
							"easing": "easeInBack",
							"easingArgs": [3]
						},
						"0.7083": {
							"vector": [3, -1, -5]
						}
					},
					"scale": {
						"0.1667": {
							"vector": [0, 0, 0]
						},
						"0.25": {
							"vector": [0.7, 0.7, 0.7],
							"easing": "linear"
						},
						"0.6667": {
							"vector": [0.7, 0.7, 0.7]
						},
						"0.7083": {
							"vector": [0.7, 1.7, 0.7]
						},
						"0.8333": {
							"vector": [0.7, 0.7, 0.7],
							"easing": "easeOutQuart"
						},
						"1.4583": {
							"vector": [0.7, 0.7, 0.7]
						},
						"1.5833": {
							"vector": [0.7, 0, 0.7]
						}
					}
				},
				"bone5": {
					"rotation": {
						"0.75": {
							"vector": [5.08513, -7.8195, 1.15233]
						},
						"0.7917": {
							"vector": [-4.91, -7.82, 1.15]
						},
						"1.0": {
							"vector": [5.0851, -7.82, 1.15],
							"easing": "easeInElastic",
							"easingArgs": [3]
						}
					},
					"position": {
						"0.2083": {
							"vector": [-4, 34, -9]
						},
						"0.7083": {
							"vector": [-4, 37, -9],
							"easing": "easeInBack",
							"easingArgs": [3]
						},
						"0.75": {
							"vector": [-4, -2, -5]
						}
					},
					"scale": {
						"0.2083": {
							"vector": [0, 0, 0]
						},
						"0.2917": {
							"vector": [1, 1, 1],
							"easing": "linear"
						},
						"0.7083": {
							"vector": [1, 1, 1]
						},
						"0.75": {
							"vector": [1, 1.9, 1]
						},
						"0.875": {
							"vector": [1, 1, 1],
							"easing": "easeOutQuart"
						},
						"1.5": {
							"vector": [1, 1, 1]
						},
						"1.625": {
							"vector": [1, 0, 1]
						}
					}
				},
				"bone6": {
					"rotation": {
						"0.6667": {
							"vector": [0, 90, -12.5]
						},
						"0.7083": {
							"vector": [0, 90, -2.5]
						},
						"0.9167": {
							"vector": [0, 90, -12.5],
							"easing": "easeInElastic",
							"easingArgs": [3]
						}
					},
					"position": {
						"0.125": {
							"vector": [-13.17, 32, 0]
						},
						"0.625": {
							"vector": [-13.17, 34.67, 0],
							"easing": "easeInBack",
							"easingArgs": [3]
						},
						"0.6667": {
							"vector": [-5, -2, 0]
						}
					},
					"scale": {
						"0.125": {
							"vector": [0, 0, 0]
						},
						"0.2083": {
							"vector": [0.8, 0.8, 0.8],
							"easing": "linear"
						},
						"0.625": {
							"vector": [0.8, 0.8, 0.8]
						},
						"0.6667": {
							"vector": [0.8, 1.9, 0.8],
							"easing": "linear"
						},
						"0.7917": {
							"vector": [0.8, 0.8, 0.8],
							"easing": "easeOutQuart"
						},
						"1.4583": {
							"vector": [0.8, 0.8, 0.8]
						},
						"1.5833": {
							"vector": [0.8, 0, 0.8]
						}
					}
				}
			},
			"particle_effects": {
				"0.7083": {
					"effect": "hand"
				}
			}
		}
	}
}